{
    "Developer Notes": "This JSON file contains mock data for testing pagination and analytics workflows. Ensure data is loaded into the database for testing.",
    "Data": [
        {
            "data_type": "Seller",
            "data_content": {
                "sample_field_1": 56,
                "sample_field_2": "B"
            },
            "created_at": "2024-11-27 21:11:53"
        },
        {
            "data_type": "Healthcare",
            "data_content": {
                "sample_field_1": 34,
                "sample_field_2": "B"
            },
            "created_at": "2024-12-08 21:11:53"
        },
        {
            "data_type": "Customer",
            "data_content": {
                "sample_field_1": 34,
                "sample_field_2": "A"
            },
            "created_at": "2024-12-04 21:11:53"
        },
        {
            "data_type": "Seller",
            "data_content": {
                "sample_field_1": 38,
                "sample_field_2": "C"
            },
            "created_at": "2024-11-21 21:11:53"
        },
        {
            "data_type": "Healthcare",
            "data_content": {
                "sample_field_1": 8,
                "sample_field_2": "A"
            },
            "created_at": "2024-11-20 21:11:53"
        },
        {
            "data_type": "Seller",
            "data_content": {
                "sample_field_1": 16,
                "sample_field_2": "B"
            },
            "created_at": "2024-12-05 21:11:53"
        },
        {
            "data_type": "Customer",
            "data_content": {
                "sample_field_1": 11,
                "sample_field_2": "B"
            },
            "created_at": "2024-12-08 21:11:53"
        },
        {
            "data_type": "Seller",
            "data_content": {
                "sample_field_1": 83,
                "sample_field_2": "C"
            },
            "created_at": "2024-12-02 21:11:53"
        },
        {
            "data_type": "Customer",
            "data_content": {
                "sample_field_1": 91,
                "sample_field_2": "A"
            },
            "created_at": "2024-12-08 21:11:53"
        },
        {
            "data_type": "Healthcare",
            "data_content": {
                "sample_field_1": 54,
                "sample_field_2": "A"
            },
            "created_at": "2024-11-23 21:11:53"
        },
        {
            "data_type": "Customer",
            "data_content": {
                "sample_field_1": 19,
                "sample_field_2": "A"
            },
            "created_at": "2024-12-09 21:11:53"
        },
        {
            "data_type": "Seller",
            "data_content": {
                "sample_field_1": 87,
                "sample_field_2": "A"
            },
            "created_at": "2024-12-09 21:11:53"
        },
        {
            "data_type": "Healthcare",
            "data_content": {
                "sample_field_1": 2,
                "sample_field_2": "B"
            },
            "created_at": "2024-12-09 21:11:53"
        },
        {
            "data_type": "Customer",
            "data_content": {
                "sample_field_1": 42,
                "sample_field_2": "A"
            },
            "created_at": "2024-12-07 21:11:53"
        },
        {
            "data_type": "Customer",
            "data_content": {
                "sample_field_1": 71,
                "sample_field_2": "B"
            },
            "created_at": "2024-12-01 21:11:53"
        },
        {
            "data_type": "Healthcare",
            "data_content": {
                "sample_field_1": 24,
                "sample_field_2": "B"
            },
            "created_at": "2024-11-22 21:11:53"
        },
        {
            "data_type": "Seller",
            "data_content": {
                "sample_field_1": 83,
                "sample_field_2": "A"
            },
            "created_at": "2024-12-14 21:11:53"
        },
        {
            "data_type": "Seller",
            "data_content": {
                "sample_field_1": 91,
                "sample_field_2": "C"
            },
            "created_at": "2024-12-07 21:11:53"
        },
        {
            "data_type": "Seller",
            "data_content": {
                "sample_field_1": 24,
                "sample_field_2": "B"
            },
            "created_at": "2024-11-20 21:11:53"
        },
        {
            "data_type": "Healthcare",
            "data_content": {
                "sample_field_1": 15,
                "sample_field_2": "B"
            },
            "created_at": "2024-12-04 21:11:53"
        },
        {
            "data_type": "Seller",
            "data_content": {
                "sample_field_1": 63,
                "sample_field_2": "C"
            },
            "created_at": "2024-11-26 21:11:53"
        },
        {
            "data_type": "Customer",
            "data_content": {
                "sample_field_1": 8,
                "sample_field_2": "C"
            },
            "created_at": "2024-12-01 21:11:53"
        },
        {
            "data_type": "Seller",
            "data_content": {
                "sample_field_1": 27,
                "sample_field_2": "A"
            },
            "created_at": "2024-12-05 21:11:53"
        },
        {
            "data_type": "Customer",
            "data_content": {
                "sample_field_1": 82,
                "sample_field_2": "A"
            },
            "created_at": "2024-11-23 21:11:53"
        },
        {
            "data_type": "Healthcare",
            "data_content": {
                "sample_field_1": 41,
                "sample_field_2": "A"
            },
            "created_at": "2024-11-22 21:11:53"
        },
        {
            "data_type": "Customer",
            "data_content": {
                "sample_field_1": 59,
                "sample_field_2": "C"
            },
            "created_at": "2024-12-13 21:11:53"
        },
        {
            "data_type": "Healthcare",
            "data_content": {
                "sample_field_1": 70,
                "sample_field_2": "A"
            },
            "created_at": "2024-12-10 21:11:53"
        },
        {
            "data_type": "Healthcare",
            "data_content": {
                "sample_field_1": 12,
                "sample_field_2": "A"
            },
            "created_at": "2024-12-02 21:11:53"
        },
        {
            "data_type": "Customer",
            "data_content": {
                "sample_field_1": 35,
                "sample_field_2": "C"
            },
            "created_at": "2024-11-22 21:11:53"
        },
        {
            "data_type": "Healthcare",
            "data_content": {
                "sample_field_1": 2,
                "sample_field_2": "B"
            },
            "created_at": "2024-12-17 21:11:53"
        },
        {
            "data_type": "Seller",
            "data_content": {
                "sample_field_1": 9,
                "sample_field_2": "C"
            },
            "created_at": "2024-11-22 21:11:53"
        },
        {
            "data_type": "Healthcare",
            "data_content": {
                "sample_field_1": 50,
                "sample_field_2": "A"
            },
            "created_at": "2024-12-10 21:11:53"
        },
        {
            "data_type": "Seller",
            "data_content": {
                "sample_field_1": 24,
                "sample_field_2": "C"
            },
            "created_at": "2024-12-17 21:11:53"
        },
        {
            "data_type": "Seller",
            "data_content": {
                "sample_field_1": 89,
                "sample_field_2": "C"
            },
            "created_at": "2024-12-11 21:11:53"
        },
        {
            "data_type": "Healthcare",
            "data_content": {
                "sample_field_1": 16,
                "sample_field_2": "A"
            },
            "created_at": "2024-11-27 21:11:53"
        },
        {
            "data_type": "Healthcare",
            "data_content": {
                "sample_field_1": 63,
                "sample_field_2": "C"
            },
            "created_at": "2024-11-20 21:11:53"
        },
        {
            "data_type": "Seller",
            "data_content": {
                "sample_field_1": 55,
                "sample_field_2": "B"
            },
            "created_at": "2024-12-02 21:11:53"
        },
        {
            "data_type": "Healthcare",
            "data_content": {
                "sample_field_1": 92,
                "sample_field_2": "B"
            },
            "created_at": "2024-11-29 21:11:53"
        },
        {
            "data_type": "Customer",
            "data_content": {
                "sample_field_1": 89,
                "sample_field_2": "C"
            },
            "created_at": "2024-11-27 21:11:53"
        },
        {
            "data_type": "Seller",
            "data_content": {
                "sample_field_1": 85,
                "sample_field_2": "B"
            },
            "created_at": "2024-11-28 21:11:53"
        },
        {
            "data_type": "Seller",
            "data_content": {
                "sample_field_1": 16,
                "sample_field_2": "A"
            },
            "created_at": "2024-11-26 21:11:53"
        },
        {
            "data_type": "Healthcare",
            "data_content": {
                "sample_field_1": 90,
                "sample_field_2": "C"
            },
            "created_at": "2024-11-21 21:11:53"
        },
        {
            "data_type": "Customer",
            "data_content": {
                "sample_field_1": 45,
                "sample_field_2": "C"
            },
            "created_at": "2024-11-22 21:11:53"
        },
        {
            "data_type": "Customer",
            "data_content": {
                "sample_field_1": 44,
                "sample_field_2": "A"
            },
            "created_at": "2024-11-24 21:11:53"
        },
        {
            "data_type": "Healthcare",
            "data_content": {
                "sample_field_1": 90,
                "sample_field_2": "A"
            },
            "created_at": "2024-11-21 21:11:53"
        },
        {
            "data_type": "Healthcare",
            "data_content": {
                "sample_field_1": 54,
                "sample_field_2": "A"
            },
            "created_at": "2024-11-26 21:11:53"
        },
        {
            "data_type": "Seller",
            "data_content": {
                "sample_field_1": 43,
                "sample_field_2": "A"
            },
            "created_at": "2024-12-05 21:11:53"
        },
        {
            "data_type": "Seller",
            "data_content": {
                "sample_field_1": 5,
                "sample_field_2": "A"
            },
            "created_at": "2024-11-29 21:11:53"
        },
        {
            "data_type": "Customer",
            "data_content": {
                "sample_field_1": 81,
                "sample_field_2": "A"
            },
            "created_at": "2024-12-01 21:11:53"
        },
        {
            "data_type": "Healthcare",
            "data_content": {
                "sample_field_1": 55,
                "sample_field_2": "B"
            },
            "created_at": "2024-11-21 21:11:53"
        }
    ]
}