{
    "recalls": [
        {
            "product_name": "Surgical Gloves",
            "status": "Recalled",
            "details": "Contains harmful materials."
        },
        {
            "product_name": "Face Masks",
            "status": "Not Recalled",
            "details": "No issues found."
        }
    ],
    "sample_requests": [
        {
            "product": "Syringes",
            "hospital": "City Hospital",
            "status": "Approved"
        },
        {
            "product": "IV Bags",
            "hospital": "County General",
            "status": "Pending"
        }
    ],
    "sample_feedback": [
        {
            "product": "Syringes",
            "feedback": "Excellent quality",
            "rating": 5
        },
        {
            "product": "IV Bags",
            "feedback": "Satisfactory",
            "rating": 3
        }
    ],
    "incidents": [
        {
            "product": "Defibrillator",
            "hospital": "City Hospital",
            "details": "Malfunctioned during use",
            "status": "Unresolved"
        },
        {
            "product": "Wheelchair",
            "hospital": "County General",
            "details": "Faulty wheel alignment",
            "status": "Resolved"
        }
    ]
}